{
"Profiles": [
{
  "Ansi 3 Color" : {
    "Red Component" : 0.70980429649353027,
    "Color Space" : "sRGB",
    "Blue Component" : 0.0038867415860295309,
    "Alpha Component" : 1,
    "Green Component" : 0.53726452589035034
  },
  "Tags" : [

  ],
  "Ansi 12 Color" : {
    "Red Component" : 0.51372557878494263,
    "Color Space" : "sRGB",
    "Blue Component" : 0.58823525905609131,
    "Alpha Component" : 1,
    "Green Component" : 0.58039218187332153
  },
  "Ansi 7 Color" : {
    "Red Component" : 0.93333345651626587,
    "Color Space" : "sRGB",
    "Blue Component" : 0.83529424667358398,
    "Alpha Component" : 1,
    "Green Component" : 0.90980392694473267
  },
  "Ansi 8 Color" : {
    "Red Component" : 0.34509804844856262,
    "Color Space" : "sRGB",
    "Blue Component" : 0.45882350206375122,
    "Alpha Component" : 1,
    "Green Component" : 0.43137252330780029
  },
  "Bold Color" : {
    "Red Component" : 0.57647067308425903,
    "Color Space" : "sRGB",
    "Blue Component" : 0.63137257099151611,
    "Alpha Component" : 1,
    "Green Component" : 0.63137251138687134
  },
  "Ansi 9 Color" : {
    "Red Component" : 0.79607856273651123,
    "Color Space" : "sRGB",
    "Blue Component" : 0.086274512112140656,
    "Alpha Component" : 1,
    "Green Component" : 0.29411756992340088
  },
  "Ansi 2 Color" : {
    "Red Component" : 0.52156919240951538,
    "Color Space" : "sRGB",
    "Blue Component" : 0.0048197554424405098,
    "Alpha Component" : 1,
    "Green Component" : 0.60001039505004883
  },
  "Ansi 5 Color" : {
    "Red Component" : 0.82745105028152466,
    "Color Space" : "sRGB",
    "Blue Component" : 0.50980395078659058,
    "Alpha Component" : 1,
    "Green Component" : 0.21176466345787048
  },
  "Rows" : 25,
  "Default Bookmark" : "No",
  "Blend" : 0.50000000000000011,
  "Cursor Guide Color" : {
    "Red Component" : 0.70213186740875244,
    "Color Space" : "sRGB",
    "Blue Component" : 1,
    "Alpha Component" : 0.25,
    "Green Component" : 0.9268307089805603
  },
  "Non-ASCII Anti Aliased" : true,
  "Use Bright Bold" : true,
  "Ansi 10 Color" : {
    "Red Component" : 0.34509804844856262,
    "Color Space" : "sRGB",
    "Blue Component" : 0.45882350206375122,
    "Alpha Component" : 1,
    "Green Component" : 0.43137252330780029
  },
  "Use Cursor Guide" : false,
  "Ambiguous Double Width" : false,
  "Jobs to Ignore" : [
    "rlogin",
    "ssh",
    "slogin",
    "telnet"
  ],
  "Ansi 15 Color" : {
    "Red Component" : 0.99215692281723022,
    "Color Space" : "sRGB",
    "Blue Component" : 0.89019614458084106,
    "Alpha Component" : 1,
    "Green Component" : 0.96470588445663452
  },
  "Foreground Color" : {
    "Red Component" : 0.711822509765625,
    "Color Space" : "sRGB",
    "Blue Component" : 0.6547124981880188,
    "Alpha Component" : 1,
    "Green Component" : 0.70451468229293823
  },
  "Working Directory" : "\/Users\/yuriy_brehey",
  "Blinking Cursor" : false,
  "Disable Window Resizing" : true,
  "Sync Title" : false,
  "Prompt Before Closing 2" : false,
  "BM Growl" : true,
  "Command" : "",
  "Description" : "Default",
  "Smart Cursor Color" : false,
  "Mouse Reporting" : true,
  "Screen" : -1,
  "Selection Color" : {
    "Red Component" : 0,
    "Color Space" : "sRGB",
    "Blue Component" : 0.25332435965538025,
    "Alpha Component" : 1,
    "Green Component" : 0.20616915822029114
  },
  "Initial Use Transparency" : true,
  "Only The Default BG Color Uses Transparency" : false,
  "Columns" : 80,
  "Idle Code" : 0,
  "Ansi 13 Color" : {
    "Red Component" : 0.42395871877670288,
    "Color Space" : "sRGB",
    "Blue Component" : 0.77823466062545776,
    "Alpha Component" : 1,
    "Green Component" : 0.43224334716796875
  },
  "Custom Command" : "No",
  "ASCII Anti Aliased" : true,
  "Non Ascii Font" : "Monaco 12",
  "Vertical Spacing" : 1,
  "Use Bold Font" : true,
  "Option Key Sends" : 0,
  "Selected Text Color" : {
    "Red Component" : 0.57647067308425903,
    "Color Space" : "sRGB",
    "Blue Component" : 0.63137257099151611,
    "Alpha Component" : 1,
    "Green Component" : 0.63137251138687134
  },
  "Background Color" : {
    "Red Component" : 0.10667002946138382,
    "Color Space" : "sRGB",
    "Blue Component" : 0.19879150390625,
    "Alpha Component" : 1,
    "Green Component" : 0.055082015693187734
  },
  "Character Encoding" : 4,
  "Ansi 11 Color" : {
    "Red Component" : 0.3960784375667572,
    "Color Space" : "sRGB",
    "Blue Component" : 0.51372545957565308,
    "Alpha Component" : 1,
    "Green Component" : 0.48235297203063965
  },
  "Thin Strokes" : 1,
  "Use Italic Font" : true,
  "Unlimited Scrollback" : false,
  "Keyboard Map" : {
    "0xf702-0x320000" : {
      "Action" : 11,
      "Text" : "0x18 0x7f"
    },
    "0xf703-0x280000" : {
      "Action" : 10,
      "Text" : "f"
    },
    "0xf702-0x260000" : {
      "Action" : 11,
      "Text" : "0x17"
    },
    "0xf703-0x240000" : {
      "Action" : 10,
      "Text" : "f"
    },
    "0xf703-0x300000" : {
      "Action" : 11,
      "Text" : "0x05"
    },
    "0x61-0x100000" : {
      "Action" : 11,
      "Text" : "0x01"
    },
    "0x75-0x80000" : {
      "Action" : 11,
      "Text" : "0x17"
    },
    "0xf702-0x2a0000" : {
      "Action" : 11,
      "Text" : "0x17"
    },
    "0x7f-0x80000" : {
      "Action" : 11,
      "Text" : "0x17"
    },
    "0xf702-0x280000" : {
      "Action" : 10,
      "Text" : "b"
    },
    "0xf702-0x300000" : {
      "Action" : 11,
      "Text" : "0x01"
    },
    "0xf703-0x320000" : {
      "Action" : 11,
      "Text" : "0xB"
    },
    "0xf702-0x240000" : {
      "Action" : 10,
      "Text" : "b"
    },
    "0xf703-0x260000" : {
      "Action" : 10,
      "Text" : "d"
    },
    "0x65-0x100000" : {
      "Action" : 11,
      "Text" : "0x05"
    },
    "0x7f-0x100000" : {
      "Action" : 11,
      "Text" : "0x15"
    },
    "0xf703-0x2a0000" : {
      "Action" : 10,
      "Text" : "d"
    },
    "0x7f-0xa0000" : {
      "Action" : 10,
      "Text" : "d"
    }
  },
  "Window Type" : 0,
  "Cursor Boost" : 0,
  "Blur Radius" : 11.311314244923858,
  "Background Image Location" : "",
  "Blur" : false,
  "Badge Color" : {
    "Red Component" : 1,
    "Color Space" : "sRGB",
    "Blue Component" : 0,
    "Alpha Component" : 0.5,
    "Green Component" : 0.1491314172744751
  },
  "Cursor Type" : 0,
  "Scrollback Lines" : 1000,
  "Send Code When Idle" : false,
  "Close Sessions On End" : true,
  "Terminal Type" : "xterm-256color",
  "Visual Bell" : true,
  "Flashing Bell" : false,
  "Silence Bell" : false,
  "Ansi 14 Color" : {
    "Red Component" : 0.57647067308425903,
    "Color Space" : "sRGB",
    "Blue Component" : 0.63137257099151611,
    "Alpha Component" : 1,
    "Green Component" : 0.63137251138687134
  },
  "Name" : "Default",
  "Cursor Text Color" : {
    "Red Component" : 0,
    "Color Space" : "sRGB",
    "Blue Component" : 0.25332435965538025,
    "Alpha Component" : 1,
    "Green Component" : 0.20616915822029114
  },
  "Minimum Contrast" : 0,
  "Shortcut" : "",
  "Cursor Color" : {
    "Red Component" : 0.51372557878494263,
    "Color Space" : "sRGB",
    "Blue Component" : 0.58823525905609131,
    "Alpha Component" : 1,
    "Green Component" : 0.58039218187332153
  },
  "Ansi 0 Color" : {
    "Red Component" : 0,
    "Color Space" : "sRGB",
    "Blue Component" : 0.25332435965538025,
    "Alpha Component" : 1,
    "Green Component" : 0.20616915822029114
  },
  "Guid" : "3DCB3DE5-284D-4514-8651-AF951C470422",
  "Custom Directory" : "Recycle",
  "Link Color" : {
    "Red Component" : 0,
    "Color Space" : "sRGB",
    "Blue Component" : 0.73423302173614502,
    "Alpha Component" : 1,
    "Green Component" : 0.35916060209274292
  },
  "Transparency" : 0.16798263007614214,
  "Horizontal Spacing" : 1,
  "Use Non-ASCII Font" : true,
  "Ansi 6 Color" : {
    "Red Component" : 0.16470590233802795,
    "Color Space" : "sRGB",
    "Blue Component" : 0.59607839584350586,
    "Alpha Component" : 1,