{
  "Ansi 7 Color" : {
    "Blue Component" : 0.83529411764705885,
    "Color Space" : "sRGB",
    "Green Component" : 0.90980392156862744,
    "Red Component" : 0.93333333333333335
  },
  "Tags" : [

  ],
  "Ansi 12 Color" : {
    "Blue Component" : 0.58823529411764708,
    "Color Space" : "sRGB",
    "Green Component" : 0.58039215686274515,
    "Red Component" : 0.51372549019607838
  },
  "Ansi 8 Color" : {
    "Blue Component" : 0.21176470588235294,
    "Color Space" : "sRGB",
    "Green Component" : 0.16862745098039217,
    "Red Component" : 0
  },
  "Ansi 9 Color" : {
    "Blue Component" : 0.086274509803921567,
    "Color Space" : "sRGB",
    "Green Component" : 0.29411764705882354,
    "Red Component" : 0.79607843137254897
  },
  "Bold Color" : {
    "Blue Component" : 0.63137254901960782,
    "Color Space" : "sRGB",
    "Green Component" : 0.63137254901960782,
    "Red Component" : 0.57647058823529407
  },
  "Guid" : "3DCB3DE5-284D-4514-8651-AF951C470422",
  "Ansi 2 Color" : {
    "Blue Component" : 0,
    "Color Space" : "sRGB",
    "Green Component" : 0.59999999999999998,
    "Red Component" : 0.52156862745098043
  },
  "Link Color" : {
    "Red Component" : 0,
    "Color Space" : "sRGB",
    "Blue Component" : 0.73423302173614502,
    "Alpha Component" : 1,
    "Green Component" : 0.35916060209274292
  },
  "Rows" : 25,
  "Default Bookmark" : "No",
  "Cursor Guide Color" : {
    "Red Component" : 0.70213186740875244,
    "Color Space" : "sRGB",
    "Blue Component" : 1,
    "Alpha Component" : 0.25,
    "Green Component" : 0.9268307089805603
  },
  "Non-ASCII Anti Aliased" : true,
  "Use Bright Bold" : true,
  "Ansi 10 Color" : {
    "Blue Component" : 0.45882352941176469,
    "Color Space" : "sRGB",
    "Green Component" : 0.43137254901960786,
    "Red Component" : 0.34509803921568627
  },
  "Use Cursor Guide" : false,
  "Ambiguous Double Width" : false,
  "Jobs to Ignore" : [
    "rlogin",
    "ssh",
    "slogin",
    "telnet"
  ],
  "Ansi 15 Color" : {
    "Blue Component" : 0.8901960784313725,
    "Color Space" : "sRGB",
    "Green Component" : 0.96470588235294119,
    "Red Component" : 0.99215686274509807
  },
  "Foreground Color" : {
    "Blue Component" : 0.58823529411764708,
    "Color Space" : "sRGB",
    "Green Component" : 0.58039215686274515,
    "Red Component" : 0.51372549019607838
  },
  "Working Directory" : "\/Users\/yuriy_brehey",
  "Blinking Cursor" : false,
  "Disable Window Resizing" : true,
  "Sync Title" : false,
  "Prompt Before Closing 2" : false,
  "BM Growl" : true,
  "Command" : "",
  "Description" : "Default",
  "Mouse Reporting" : true,
  "Smart Cursor Color" : false,
  "Screen" : -1,
  "Selection Color" : {
    "Blue Component" : 0.25882352941176473,
    "Color Space" : "sRGB",
    "Green Component" : 0.21176470588235294,
    "Red Component" : 0.027450980392156862
  },
  "Columns" : 80,
  "Idle Code" : 0,
  "Only The Default BG Color Uses Transparency" : false,
  "Ansi 13 Color" : {
    "Blue Component" : 0.7686274509803922,
    "Color Space" : "sRGB",
    "Green Component" : 0.44313725490196076,
    "Red Component" : 0.42352941176470588
  },
  "Custom Command" : "No",
  "ASCII Anti Aliased" : true,
  "Non Ascii Font" : "Monaco 12",
  "Vertical Spacing" : 1,
  "Use Bold Font" : true,
  "Option Key Sends" : 0,
  "Selected Text Color" : {
    "Blue Component" : 0.63137254901960782,
    "Color Space" : "sRGB",
    "Green Component" : 0.63137254901960782,
    "Red Component" : 0.57647058823529407
  },
  "Background Color" : {
    "Blue Component" : 0.21176470588235294,
    "Color Space" : "sRGB",
    "Green Component" : 0.16862745098039217,
    "Red Component" : 0
  },
  "Character Encoding" : 4,
  "Ansi 11 Color" : {
    "Blue Component" : 0.51372549019607838,
    "Color Space" : "sRGB",
    "Green Component" : 0.4823529411764706,
    "Red Component" : 0.396078431372549
  },
  "Thin Strokes" : 1,
  "Use Italic Font" : true,
  "Unlimited Scrollback" : false,
  "Keyboard Map" : {
    "0xf702-0x240000" : {
      "Action" : 10,
      "Text" : "[1;5D"
    },
    "0xf703-0x220000" : {
      "Action" : 10,
      "Text" : "[1;5C"
    },
    "0xf703-0x240000" : {
      "Text" : "[1;5C",
      "Action" : 10
    },
    "0xf702-0x220000" : {
      "Action" : 10,
      "Text" : "[1;5D"
    }
  },
  "Window Type" : 0,
  "Cursor Boost" : 0,
  "Blur Radius" : 0.10000000000000001,
  "Background Image Location" : "",
  "Blur" : false,
  "Badge Color" : {
    "Red Component" : 1,
    "Color Space" : "sRGB",
    "Blue Component" : 0,
    "Alpha Component" : 0.5,
    "Green Component" : 0.1491314172744751
  },
  "Scrollback Lines" : 1000,
  "Send Code When Idle" : false,
  "Close Sessions On End" : true,
  "Terminal Type" : "xterm-256color",
  "Visual Bell" : true,
  "Flashing Bell" : false,
  "Silence Bell" : false,
  "Ansi 14 Color" : {
    "Blue Component" : 0.63137254901960782,
    "Color Space" : "sRGB",
    "Green Component" : 0.63137254901960782,
    "Red Component" : 0.57647058823529407
  },
  "Name" : "Default",
  "Cursor Text Color" : {
    "Blue Component" : 0.25882352941176473,
    "Color Space" : "sRGB",
    "Green Component" : 0.21176470588235294,
    "Red Component" : 0.027450980392156862
  },
  "Minimum Contrast" : 0,
  "Shortcut" : "",
  "Cursor Color" : {
    "Blue Component" : 0.58823529411764708,
    "Color Space" : "sRGB",
    "Green Component" : 0.58039215686274515,
    "Red Component" : 0.51372549019607838
  },
  "Ansi 0 Color" : {
    "Blue Component" : 0.25882352941176473,
    "Color Space" : "sRGB",
    "Green Component" : 0.21176470588235294,
    "Red Component" : 0.027450980392156862
  },
  "Ansi 1 Color" : {
    "Blue Component" : 0.18431372549019609,
    "Color Space" : "sRGB",
    "Green Component" : 0.19607843137254902,
    "Red Component" : 0.86274509803921573
  },
  "Custom Directory" : "Recycle",
  "Horizontal Spacing" : 1,
  "Ansi 4 Color" : {
    "Blue Component" : 0.82352941176470584,
    "Color Space" : "sRGB",
    "Green Component" : 0.54509803921568623,
    "Red Component" : 0.14901960784313725
  },
  "Right Option Key Sends" : 0,
  "Ansi 6 Color" : {
    "Blue Component" : 0.59607843137254901,
    "Color Space" : "sRGB",
    "Green Component" : 0.63137254901960782,
    "Red Component" : 0.16470588235294117
  },
  "Ansi 3 Color" : {
    "Blue Component" : 0,
    "Color Space" : "sRGB",
    "Green Component" : 0.53725490196078429,
    "Red Component" : 0.70980392156862748
  },
  "Normal Font" : "Monaco 12",
  "Transparency" : 0.1383585818527919,
  "Ansi 5 Color" : {
    "Blue Component" : 0.50980392156862742,
    "Color Space" : "sRGB",
    "Green Component" : 0.21176470588235294,
    "Red Component" : 0.82745098039215681
  },
  "Use Non-ASCII Font" : true
}
